Server,CPU,RAM,Network,Date,Time
172.17.0.8,1.6,20.09,0.06,2024-11-04,06:40:05
172.17.0.7,2.5,20.24,0.06,2024-11-04,06:40:07
172.17.0.6,11.9,20.22,0.06,2024-11-04,06:40:08
172.17.0.5,1.6,20.22,0.06,2024-11-04,06:40:10
172.17.0.4,0.8,20.24,0.06,2024-11-04,06:40:12
172.17.0.2,100,20.22,0.06,2024-11-04,06:40:13
172.17.0.3,0.8,20.23,0.06,2024-11-04,06:40:15
172.17.0.8,100,20.19,0.06,2024-11-04,06:40:21
172.17.0.7,13.9,20.22,0.06,2024-11-04,06:40:22
172.17.0.6,100,20.21,0.06,2024-11-04,06:40:24
172.17.0.5,0.8,20.19,0.06,2024-11-04,06:40:26
172.17.0.4,3.3,20.19,0.06,2024-11-04,06:40:27
172.17.0.2,100,20.22,0.06,2024-11-04,06:40:29
172.17.0.3,100,20.24,0.06,2024-11-04,06:40:30
172.17.0.8,27.2,20.24,0.02,2024-11-04,06:40:38
172.17.0.7,100,20.27,0.06,2024-11-04,06:40:40
172.17.0.6,0.8,20.24,0.06,2024-11-04,06:40:42
172.17.0.5,100,20.24,0.06,2024-11-04,06:40:43
172.17.0.4,100,20.31,0.06,2024-11-04,06:40:45
172.17.0.2,0.8,20.31,0.06,2024-11-04,06:40:47
172.17.0.3,100,20.28,0.06,2024-11-04,06:40:49
172.17.0.8,13.4,20.28,0.06,2024-11-04,06:40:54
172.17.0.7,100,20.29,0.06,2024-11-04,06:40:56
172.17.0.6,100,20.24,0.06,2024-11-04,06:40:58
172.17.0.5,100,20.24,0.06,2024-11-04,06:41:00
172.17.0.4,0.8,20.23,0.06,2024-11-04,06:41:02
172.17.0.2,8.4,20.24,0.06,2024-11-04,06:41:05
172.17.0.3,0.8,20.23,0.06,2024-11-04,06:41:06
172.17.0.8,100,20.28,0.06,2024-11-04,06:41:14
172.17.0.7,100,20.29,0.06,2024-11-04,06:41:15
172.17.0.6,2.4,20.28,0.06,2024-11-04,06:41:17
172.17.0.5,100,20.36,0.06,2024-11-04,06:41:19
172.17.0.4,0.8,20.32,0.06,2024-11-04,06:41:20
172.17.0.2,0.8,20.31,0.06,2024-11-04,06:41:22
172.17.0.3,100,20.29,0.06,2024-11-04,06:41:24
172.17.0.8,100,20.26,0.06,2024-11-04,06:41:29
172.17.0.7,100,20.24,0.06,2024-11-04,06:41:31
172.17.0.6,100,20.27,0.06,2024-11-04,06:41:33
172.17.0.5,0.8,20.26,0.06,2024-11-04,06:41:34
172.17.0.4,2.5,19.94,0.06,2024-11-04,06:41:36
172.17.0.2,100,19.91,0.06,2024-11-04,06:41:38
172.17.0.3,2.5,19.90,0.06,2024-11-04,06:41:39
172.17.0.8,5,19.91,0.02,2024-11-04,06:41:47
172.17.0.7,100,19.93,0.06,2024-11-04,06:41:48
172.17.0.6,10.6,19.94,0.06,2024-11-04,06:41:50
172.17.0.5,0.8,19.93,0.06,2024-11-04,06:41:52
172.17.0.4,100,19.93,0.06,2024-11-04,06:41:53
172.17.0.2,100,19.90,0.06,2024-11-04,06:41:55
172.17.0.3,100,19.88,0.06,2024-11-04,06:41:56
172.17.0.8,100,19.88,0.06,2024-11-04,06:42:02
172.17.0.7,9.6,19.93,0.06,2024-11-04,06:42:04
172.17.0.6,100,19.89,0.06,2024-11-04,06:42:05
172.17.0.5,2.4,19.91,0.06,2024-11-04,06:42:07
172.17.0.4,100,19.93,0.06,2024-11-04,06:42:09
172.17.0.2,100,19.90,0.06,2024-11-04,06:42:10
172.17.0.3,100,19.93,0.06,2024-11-04,06:42:12
172.17.0.8,10.6,19.91,0.06,2024-11-04,06:42:18
172.17.0.7,100,19.89,0.06,2024-11-04,06:42:21
172.17.0.6,100,19.90,0.06,2024-11-04,06:42:22
172.17.0.5,100,19.96,0.06,2024-11-04,06:42:24
172.17.0.4,100,19.93,0.06,2024-11-04,06:42:26
172.17.0.2,4.1,19.91,0.06,2024-11-04,06:42:27
172.17.0.3,100,19.94,0.06,2024-11-04,06:42:29
172.17.0.8,100,19.93,0.06,2024-11-04,06:42:35
172.17.0.7,100,19.95,0.06,2024-11-04,06:42:36
172.17.0.6,7.3,19.93,0.06,2024-11-04,06:42:38
172.17.0.5,100,19.94,0.06,2024-11-04,06:42:39
172.17.0.4,7.4,19.91,0.06,2024-11-04,06:42:41
172.17.0.2,100,19.90,0.06,2024-11-04,06:42:43
172.17.0.3,100,19.91,0.06,2024-11-04,06:42:45
172.17.0.8,100,19.88,0.06,2024-11-04,06:42:50
172.17.0.7,100,19.90,0.03,2024-11-04,06:42:53
172.17.0.6,1.6,19.88,0.06,2024-11-04,06:42:55
172.17.0.5,7.4,19.95,0.06,2024-11-04,06:42:57
172.17.0.4,100,19.94,0.06,2024-11-04,06:42:58
172.17.0.2,100,19.95,0.06,2024-11-04,06:43:00
172.17.0.3,100,19.95,0.06,2024-11-04,06:43:02
172.17.0.8,100,19.98,0.06,2024-11-04,06:43:07
172.17.0.7,1.7,20.00,0.06,2024-11-04,06:43:09
172.17.0.6,10.7,19.99,0.06,2024-11-04,06:43:11
172.17.0.5,8.1,19.96,0.06,2024-11-04,06:43:12
172.17.0.4,100,19.96,0.06,2024-11-04,06:43:14
172.17.0.2,100,19.98,0.06,2024-11-04,06:43:15
172.17.0.3,100,19.96,0.06,2024-11-04,06:43:17
172.17.0.8,100,19.93,0.06,2024-11-04,06:43:23
172.17.0.7,4.1,19.91,0.06,2024-11-04,06:43:24
172.17.0.6,4.1,19.94,0.03,2024-11-04,06:43:27
172.17.0.5,0.8,19.96,0.06,2024-11-04,06:43:29
172.17.0.4,100,19.96,0.06,2024-11-04,06:43:31
172.17.0.2,100,19.95,0.06,2024-11-04,06:43:32
172.17.0.3,4.9,19.99,0.06,2024-11-04,06:43:34
172.17.0.8,100,19.93,0.06,2024-11-04,06:43:40
172.17.0.7,100,19.99,0.06,2024-11-04,06:43:41
172.17.0.6,100,20.00,0.06,2024-11-04,06:43:43
172.17.0.5,100,19.96,0.06,2024-11-04,06:43:45
172.17.0.4,20.2,20.00,0.06,2024-11-04,06:43:46
172.17.0.2,100,20.03,0.06,2024-11-04,06:43:48
172.17.0.3,100,20.00,0.06,2024-11-04,06:43:50
172.17.0.8,2.4,19.99,0.06,2024-11-04,06:43:55
172.17.0.7,1.6,19.99,0.06,2024-11-04,06:43:57
172.17.0.6,0.8,19.98,0.06,2024-11-04,06:43:59
172.17.0.5,100,19.96,0.06,2024-11-04,06:44:02
172.17.0.4,100,19.99,0.06,2024-11-04,06:44:04
172.17.0.2,100,19.94,0.06,2024-11-04,06:44:05
172.17.0.3,0.8,19.98,0.06,2024-11-04,06:44:07
172.17.0.8,0.8,19.95,0.06,2024-11-04,06:44:13
172.17.0.7,100,19.98,0.06,2024-11-04,06:44:14
172.17.0.6,100,20.00,0.06,2024-11-04,06:44:16
172.17.0.5,100,20.00,0.06,2024-11-04,06:44:18
172.17.0.4,5,20.02,0.06,2024-11-04,06:44:19
172.17.0.2,100,20.03,0.06,2024-11-04,06:44:21
172.17.0.3,8.1,20.03,0.06,2024-11-04,06:44:22
172.17.0.8,0.8,20.02,0.06,2024-11-04,06:44:28
172.17.0.7,0.8,20.03,0.06,2024-11-04,06:44:30
172.17.0.6,9.1,19.99,0.06,2024-11-04,06:44:31
172.17.0.5,1.6,19.99,0.03,2024-11-04,06:44:35
172.17.0.4,0.8,19.96,0.06,2024-11-04,06:44:36
172.17.0.2,100,19.98,0.06,2024-11-04,06:44:38
172.17.0.3,7.6,19.99,0.06,2024-11-04,06:44:40
172.17.0.8,2.5,20.00,0.06,2024-11-04,06:44:46
172.17.0.7,100,20.00,0.06,2024-11-04,06:44:47
172.17.0.6,100,19.96,0.06,2024-11-04,06:44:49
172.17.0.5,1.7,20.05,0.06,2024-11-04,06:44:51
172.17.0.4,100,20.09,0.06,2024-11-04,06:44:52
172.17.0.2,100,20.08,0.06,2024-11-04,06:44:54
172.17.0.3,100,20.09,0.06,2024-11-04,06:44:56
172.17.0.8,100,20.08,0.06,2024-11-04,06:45:01
172.17.0.7,0.8,20.18,0.06,2024-11-04,06:45:03
172.17.0.6,100,20.17,0.06,2024-11-04,06:45:05
172.17.0.5,100,20.17,0.03,2024-11-04,06:45:08
172.17.0.4,100,20.21,0.06,2024-11-04,06:45:09
172.17.0.2,100,20.18,0.06,2024-11-04,06:45:11
172.17.0.3,2.4,20.18,0.06,2024-11-04,06:45:13
172.17.0.8,9,20.18,0.06,2024-11-04,06:45:18
172.17.0.7,100,20.17,0.06,2024-11-04,06:45:20
172.17.0.6,2.4,20.17,0.06,2024-11-04,06:45:22
172.17.0.5,0.8,20.17,0.06,2024-11-04,06:45:23
172.17.0.4,100,20.23,0.06,2024-11-04,06:45:25
172.17.0.2,1.6,20.23,0.06,2024-11-04,06:45:27
172.17.0.3,100,20.22,0.06,2024-11-04,06:45:28
172.17.0.8,0.8,20.22,0.06,2024-11-04,06:45:34
172.17.0.7,28,20.21,0.06,2024-11-04,06:45:36
172.17.0.6,100,20.19,0.06,2024-11-04,06:45:37
172.17.0.5,100,20.17,0.06,2024-11-04,06:45:39
172.17.0.4,100,20.18,0.03,2024-11-04,06:45:42
172.17.0.2,100,20.22,0.06,2024-11-04,06:45:44
172.17.0.3,100,20.23,0.06,2024-11-04,06:45:45
172.17.0.8,100,20.29,0.06,2024-11-04,06:45:51
172.17.0.7,5.8,20.28,0.06,2024-11-04,06:45:53
172.17.0.6,100,20.31,0.06,2024-11-04,06:45:55
172.17.0.5,100,20.29,0.06,2024-11-04,06:45:56
172.17.0.4,100,20.33,0.06,2024-11-04,06:45:58
172.17.0.2,1.6,20.35,0.06,2024-11-04,06:46:00
172.17.0.3,100,20.37,0.06,2024-11-04,06:46:01
172.17.0.8,100,20.36,0.06,2024-11-04,06:46:07
172.17.0.7,100,20.35,0.06,2024-11-04,06:46:09
172.17.0.6,4.9,20.35,0.06,2024-11-04,06:46:10
172.17.0.5,100,20.33,0.06,2024-11-04,06:46:12
172.17.0.4,100,20.35,0.06,2024-11-04,06:46:14
172.17.0.2,5,20.32,0.06,2024-11-04,06:46:17
172.17.0.3,5.7,20.33,0.06,2024-11-04,06:46:18
172.17.0.8,100,20.32,0.06,2024-11-04,06:46:24
172.17.0.7,1.7,20.33,0.06,2024-11-04,06:46:26
172.17.0.6,100,20.36,0.06,2024-11-04,06:46:27
172.17.0.5,15,20.33,0.06,2024-11-04,06:46:29
172.17.0.4,100,20.35,0.06,2024-11-04,06:46:31
172.17.0.2,3.3,20.38,0.13,2024-11-04,06:46:32
172.17.0.3,2.4,20.37,0.06,2024-11-04,06:46:34
172.17.0.8,9,20.41,0.06,2024-11-04,06:46:40
172.17.0.7,9.8,20.42,0.06,2024-11-04,06:46:41
172.17.0.6,100,20.43,0.06,2024-11-04,06:46:43
172.17.0.5,100,20.45,0.06,2024-11-04,06:46:45
172.17.0.4,100,20.42,0.06,2024-11-04,06:46:46
172.17.0.2,0.8,20.42,0.03,2024-11-04,06:46:49
172.17.0.3,18.8,20.78,0.06,2024-11-04,06:46:51
172.17.0.8,100,20.42,0.06,2024-11-04,06:46:57
172.17.0.7,100,20.42,0.06,2024-11-04,06:46:58
172.17.0.6,100,20.40,0.06,2024-11-04,06:47:00
172.17.0.5,100,20.40,0.06,2024-11-04,06:47:02
172.17.0.4,17.5,20.42,0.06,2024-11-04,06:47:03
172.17.0.2,100,20.43,0.06,2024-11-04,06:47:05
172.17.0.3,100,20.38,0.06,2024-11-04,06:47:07
172.17.0.8,9.6,20.41,0.06,2024-11-04,06:47:12
172.17.0.7,0.8,20.41,0.06,2024-11-04,06:47:14
172.17.0.6,0.8,20.40,0.06,2024-11-04,06:47:16
172.17.0.5,100,20.38,0.06,2024-11-04,06:47:17
172.17.0.4,0.8,20.41,0.06,2024-11-04,06:47:19
172.17.0.2,2.5,20.41,0.06,2024-11-04,06:47:21
172.17.0.3,100,20.40,0.06,2024-11-04,06:47:24
172.17.0.8,0.8,20.37,0.06,2024-11-04,06:47:29
172.17.0.7,0.8,20.37,0.06,2024-11-04,06:47:31
172.17.0.6,100,20.41,0.06,2024-11-04,06:47:33
172.17.0.5,100,20.38,0.06,2024-11-04,06:47:34
172.17.0.4,100,20.33,0.06,2024-11-04,06:47:36
172.17.0.2,5.7,20.37,0.06,2024-11-04,06:47:38
172.17.0.3,100,20.36,0.06,2024-11-04,06:47:39
172.17.0.8,1.6,20.38,0.06,2024-11-04,06:47:45
172.17.0.7,100,20.38,0.06,2024-11-04,06:47:47
172.17.0.6,100,20.37,0.06,2024-11-04,06:47:48
172.17.0.5,0.8,20.37,0.06,2024-11-04,06:47:50
172.17.0.4,4.9,20.41,0.06,2024-11-04,06:47:52
172.17.0.2,8.1,20.41,0.06,2024-11-04,06:47:53
172.17.0.3,0.8,20.42,0.03,2024-11-04,06:47:56
172.17.0.8,100,20.36,0.06,2024-11-04,06:48:02
172.17.0.7,100,20.36,0.06,2024-11-04,06:48:04
172.17.0.6,100,20.38,0.06,2024-11-04,06:48:05
172.17.0.5,100,20.36,0.06,2024-11-04,06:48:07
172.17.0.4,0.8,20.40,0.06,2024-11-04,06:48:09
172.17.0.2,100,20.42,0.06,2024-11-04,06:48:11
172.17.0.3,100,20.43,0.06,2024-11-04,06:48:12
172.17.0.8,100,20.41,0.06,2024-11-04,06:48:18
172.17.0.7,100,20.41,0.06,2024-11-04,06:48:19
172.17.0.6,100,20.38,0.06,2024-11-04,06:48:21
172.17.0.5,100,20.38,0.06,2024-11-04,06:48:23
172.17.0.4,100,20.38,0.06,2024-11-04,06:48:25
172.17.0.2,100,20.40,0.06,2024-11-04,06:48:26
172.17.0.3,8.2,20.38,0.06,2024-11-04,06:48:28
172.17.0.8,100,20.35,0.06,2024-11-04,06:48:35
172.17.0.7,100,20.38,0.06,2024-11-04,06:48:36
172.17.0.6,100,20.41,0.06,2024-11-04,06:48:38
172.17.0.5,100,20.40,0.06,2024-11-04,06:48:40
172.17.0.4,100,20.40,0.06,2024-11-04,06:48:41
172.17.0.2,3.3,20.42,0.06,2024-11-04,06:48:43
172.17.0.3,0.8,20.43,0.06,2024-11-04,06:48:45
172.17.0.8,100,20.41,0.06,2024-11-04,06:48:50
172.17.0.7,100,20.41,0.06,2024-11-04,06:48:52
172.17.0.6,0.8,20.41,0.06,2024-11-04,06:48:54
172.17.0.5,100,20.42,0.06,2024-11-04,06:48:55
172.17.0.4,100,20.41,0.06,2024-11-04,06:48:57
172.17.0.2,2.5,20.40,0.06,2024-11-04,06:48:59
172.17.0.3,0.8,20.40,0.06,2024-11-04,06:49:00
172.17.0.8,1.6,20.40,0.06,2024-11-04,06:49:08
172.17.0.7,100,20.41,0.06,2024-11-04,06:49:09
172.17.0.6,12,20.43,0.06,2024-11-04,06:49:11
172.17.0.5,100,20.47,0.06,2024-11-04,06:49:13
172.17.0.4,100,20.42,0.06,2024-11-04,06:49:14
172.17.0.2,3.3,20.42,0.06,2024-11-04,06:49:16
172.17.0.3,100,20.47,0.06,2024-11-04,06:49:18
172.17.0.8,100,20.46,0.06,2024-11-04,06:49:23
172.17.0.7,8.7,20.43,0.06,2024-11-04,06:49:25
172.17.0.6,100,20.46,0.06,2024-11-04,06:49:27
172.17.0.5,100,20.43,0.06,2024-11-04,06:49:28
172.17.0.4,100,20.43,0.06,2024-11-04,06:49:30
172.17.0.2,100,20.42,0.06,2024-11-04,06:49:32
172.17.0.3,100,20.47,0.06,2024-11-04,06:49:33
172.17.0.8,0.8,20.49,0.06,2024-11-04,06:49:41
172.17.0.7,100,20.46,0.06,2024-11-04,06:49:42
172.17.0.6,0.8,20.46,0.06,2024-11-04,06:49:44
172.17.0.5,100,20.43,0.06,2024-11-04,06:49:46
172.17.0.4,100,20.42,0.06,2024-11-04,06:49:47
172.17.0.2,100,20.41,0.06,2024-11-04,06:49:49
172.17.0.3,1.6,20.43,0.06,2024-11-04,06:49:51
172.17.0.8,100,20.45,0.06,2024-11-04,06:49:56
172.17.0.7,4.1,20.47,0.06,2024-11-04,06:49:58
172.17.0.6,100,20.46,0.06,2024-11-04,06:50:00
172.17.0.5,100,20.50,0.06,2024-11-04,06:50:01
172.17.0.4,0.8,20.49,0.06,2024-11-04,06:50:03
172.17.0.2,0.8,20.49,0.06,2024-11-04,06:50:05
172.17.0.3,8.3,20.47,0.06,2024-11-04,06:50:06
172.17.0.8,18.8,20.51,0.06,2024-11-04,06:50:14
172.17.0.7,100,20.49,0.06,2024-11-04,06:50:15
172.17.0.6,100,20.54,0.06,2024-11-04,06:50:17
172.17.0.5,100,20.52,0.06,2024-11-04,06:50:19
172.17.0.4,0.8,20.51,0.06,2024-11-04,06:50:20
172.17.0.2,100,20.50,0.06,2024-11-04,06:50:22
172.17.0.3,100,20.47,0.06,2024-11-04,06:50:24
172.17.0.8,11.4,20.43,0.06,2024-11-04,06:50:29
172.17.0.7,100,20.45,0.06,2024-11-04,06:50:31
172.17.0.6,0.8,20.46,0.06,2024-11-04,06:50:33
172.17.0.5,100,20.50,0.06,2024-11-04,06:50:34
172.17.0.4,11.9,20.50,0.06,2024-11-04,06:50:36
172.17.0.2,100,20.47,0.06,2024-11-04,06:50:38
172.17.0.3,0.8,20.46,0.06,2024-11-04,06:50:39
172.17.0.8,1.6,20.50,0.06,2024-11-04,06:50:46
172.17.0.7,100,20.50,0.06,2024-11-04,06:50:48
172.17.0.6,100,20.47,0.06,2024-11-04,06:50:50
172.17.0.5,11.6,20.47,0.06,2024-11-04,06:50:51
172.17.0.4,100,20.47,0.06,2024-11-04,06:50:53
172.17.0.2,100,20.51,0.06,2024-11-04,06:50:55
172.17.0.3,100,20.52,0.06,2024-11-04,06:50:56
172.17.0.8,100,20.50,0.06,2024-11-04,06:51:02
172.17.0.7,2.4,20.46,0.06,2024-11-04,06:51:04
172.17.0.6,6.5,20.49,0.06,2024-11-04,06:51:05
172.17.0.5,11.3,20.49,0.06,2024-11-04,06:51:07
172.17.0.4,100,20.50,0.06,2024-11-04,06:51:09
172.17.0.2,100,20.50,0.06,2024-11-04,06:51:10
172.17.0.3,1.7,20.52,0.06,2024-11-04,06:51:12
172.17.0.8,100,20.50,0.02,2024-11-04,06:51:19
172.17.0.7,100,20.49,0.06,2024-11-04,06:51:21
172.17.0.6,1.6,20.49,0.06,2024-11-04,06:51:23
172.17.0.5,100,20.46,0.06,2024-11-04,06:51:24
172.17.0.4,100,20.45,0.06,2024-11-04,06:51:26
172.17.0.2,100,20.52,0.06,2024-11-04,06:51:28
172.17.0.3,100,20.52,0.06,2024-11-04,06:51:29
172.17.0.8,100,20.47,0.06,2024-11-04,06:51:35
172.17.0.7,6.7,20.47,0.06,2024-11-04,06:51:37
172.17.0.6,100,20.45,0.06,2024-11-04,06:51:38
172.17.0.5,5.8,20.50,0.06,2024-11-04,06:51:40
172.17.0.4,1.6,20.51,0.06,2024-11-04,06:51:42
172.17.0.2,1.7,20.51,0.06,2024-11-04,06:51:43
172.17.0.3,0.8,20.51,0.06,2024-11-04,06:51:45
172.17.0.8,0.8,20.55,0.06,2024-11-04,06:51:50
172.17.0.7,100,20.50,0.02,2024-11-04,06:51:54
172.17.0.6,100,20.52,0.06,2024-11-04,06:51:55
172.17.0.5,1.6,20.54,0.06,2024-11-04,06:51:57
172.17.0.4,100,20.54,0.06,2024-11-04,06:51:59
172.17.0.2,9.9,20.51,0.06,2024-11-04,06:52:00
172.17.0.3,100,20.51,0.06,2024-11-04,06:52:02
172.17.0.8,100,20.49,0.06,2024-11-04,06:52:08
172.17.0.7,100,20.51,0.06,2024-11-04,06:52:09
172.17.0.6,0.8,20.50,0.06,2024-11-04,06:52:11
172.17.0.5,0.8,20.51,0.06,2024-11-04,06:52:13
172.17.0.4,100,20.51,0.06,2024-11-04,06:52:14
172.17.0.2,0.8,20.50,0.06,2024-11-04,06:52:16
172.17.0.3,100,20.50,0.06,2024-11-04,06:52:18
172.17.0.8,100,20.47,0.06,2024-11-04,06:52:23
172.17.0.7,0.8,20.47,0.06,2024-11-04,06:52:25
172.17.0.6,100,20.47,0.06,2024-11-04,06:52:28
172.17.0.5,1.6,20.51,0.06,2024-11-04,06:52:30
172.17.0.4,100,20.49,0.06,2024-11-04,06:52:32
172.17.0.2,3.4,20.50,0.06,2024-11-04,06:52:33
172.17.0.3,1.6,20.49,0.06,2024-11-04,06:52:35
172.17.0.8,100,20.43,0.06,2024-11-04,06:52:41
172.17.0.7,100,20.49,0.06,2024-11-04,06:52:42
172.17.0.6,13.6,20.50,0.06,2024-11-04,06:52:44
172.17.0.5,100,20.50,0.06,2024-11-04,06:52:46
172.17.0.4,100,20.50,0.06,2024-11-04,06:52:47
172.17.0.2,100,20.51,0.06,2024-11-04,06:52:49
172.17.0.3,100,20.49,0.06,2024-11-04,06:52:51
172.17.0.8,11.3,20.49,0.06,2024-11-04,06:52:56
172.17.0.7,0.8,20.51,0.06,2024-11-04,06:52:58
172.17.0.6,2.4,20.51,0.02,2024-11-04,06:53:01
172.17.0.5,0.8,20.49,0.06,2024-11-04,06:53:03
172.17.0.4,100,20.55,0.06,2024-11-04,06:53:05
172.17.0.2,100,20.59,0.06,2024-11-04,06:53:07
172.17.0.3,1.6,20.56,0.06,2024-11-04,06:53:08
172.17.0.8,1.6,20.61,0.06,2024-11-04,06:53:14
172.17.0.7,0.8,20.60,0.06,2024-11-04,06:53:16
172.17.0.6,100,20.61,0.06,2024-11-04,06:53:17
172.17.0.5,100,20.60,0.06,2024-11-04,06:53:19
172.17.0.4,100,20.64,0.06,2024-11-04,06:53:21
172.17.0.2,39.2,20.93,0.06,2024-11-04,06:53:22
172.17.0.3,0.8,21.01,0.06,2024-11-04,06:53:24
172.17.0.8,0.8,21.08,0.06,2024-11-04,06:53:30
172.17.0.7,100,21.08,0.06,2024-11-04,06:53:31
172.17.0.6,100,21.02,0.06,2024-11-04,06:53:33
172.17.0.5,1.6,21.03,0.06,2024-11-04,06:53:36
172.17.0.4,0.8,20.99,0.06,2024-11-04,06:53:38
172.17.0.2,100,20.97,0.06,2024-11-04,06:53:40
172.17.0.3,100,20.98,0.06,2024-11-04,06:53:41
172.17.0.8,3.3,20.99,0.06,2024-11-04,06:53:47
172.17.0.7,0.8,20.99,0.06,2024-11-04,06:53:49
172.17.0.6,100,20.99,0.06,2024-11-04,06:53:50
172.17.0.5,100,20.97,0.06,2024-11-04,06:53:52
172.17.0.4,9.2,20.98,0.06,2024-11-04,06:53:53
172.17.0.2,100,20.96,0.06,2024-11-04,06:53:55
172.17.0.3,100,20.97,0.06,2024-11-04,06:53:57
172.17.0.8,100,20.98,0.06,2024-11-04,06:54:02
172.17.0.7,11.4,21.01,0.06,2024-11-04,06:54:04
172.17.0.6,100,20.99,0.06,2024-11-04,06:54:06
172.17.0.5,100,20.98,0.02,2024-11-04,06:54:09
172.17.0.4,0.8,21.01,0.06,2024-11-04,06:54:11
172.17.0.2,100,21.06,0.06,2024-11-04,06:54:12
172.17.0.3,100,21.04,0.06,2024-11-04,06:54:14
172.17.0.8,100,21.06,0.06,2024-11-04,06:54:20
172.17.0.7,1.6,21.08,0.06,2024-11-04,06:54:21
172.17.0.6,0.8,21.11,0.06,2024-11-04,06:54:23
172.17.0.5,100,21.11,0.06,2024-11-04,06:54:25
172.17.0.4,0.8,21.12,0.06,2024-11-04,06:54:26
172.17.0.2,100,21.07,0.06,2024-11-04,06:54:28
172.17.0.3,16.1,21.11,0.06,2024-11-04,06:54:30
172.17.0.8,5.6,21.09,0.06,2024-11-04,06:54:35
172.17.0.7,1.7,21.11,0.06,2024-11-04,06:54:37
172.17.0.6,5,21.13,0.06,2024-11-04,06:54:39
172.17.0.5,11.3,21.12,0.06,2024-11-04,06:54:40
172.17.0.4,0.8,21.09,0.02,2024-11-04,06:54:44
172.17.0.2,100,21.12,0.06,2024-11-04,06:54:46
172.17.0.3,100,21.12,0.06,2024-11-04,06:54:47
172.17.0.8,7.3,21.20,0.06,2024-11-04,06:54:53
172.17.0.7,1.6,21.20,0.06,2024-11-04,06:54:55
172.17.0.6,7.6,21.22,0.06,2024-11-04,06:54:56
172.17.0.5,100,21.20,0.06,2024-11-04,06:54:58
172.17.0.4,100,21.18,0.06,2024-11-04,06:55:00
172.17.0.2,0.8,21.18,0.06,2024-11-04,06:55:01
172.17.0.3,100,21.16,0.06,2024-11-04,06:55:03
172.17.0.8,3.3,21.21,0.06,2024-11-04,06:55:08
172.17.0.7,100,21.22,0.06,2024-11-04,06:55:10
172.17.0.6,9.9,21.17,0.06,2024-11-04,06:55:12
172.17.0.5,100,21.17,0.06,2024-11-04,06:55:14
172.17.0.4,100,21.15,0.06,2024-11-04,06:55:15
172.17.0.2,1.6,21.16,0.06,2024-11-04,06:55:19
172.17.0.3,100,21.16,0.06,2024-11-04,06:55:20
172.17.0.8,100,21.17,0.06,2024-11-04,06:55:26
172.17.0.7,0.8,21.13,0.06,2024-11-04,06:55:28
172.17.0.6,100,21.15,0.06,2024-11-04,06:55:29
172.17.0.5,100,21.18,0.06,2024-11-04,06:55:31
172.17.0.4,100,21.20,0.06,2024-11-04,06:55:33
172.17.0.2,5.7,21.18,0.06,2024-11-04,06:55:34
172.17.0.3,100,21.17,0.06,2024-11-04,06:55:36
172.17.0.8,1.6,21.20,0.06,2024-11-04,06:55:42
172.17.0.7,0.8,21.20,0.06,2024-11-04,06:55:43
172.17.0.6,100,21.20,0.06,2024-11-04,06:55:45
172.17.0.5,100,21.18,0.06,2024-11-04,06:55:47
172.17.0.4,2.5,21.20,0.06,2024-11-04,06:55:48
172.17.0.2,100,21.23,0.02,2024-11-04,06:55:52
172.17.0.3,1.6,21.21,0.06,2024-11-04,06:55:54
172.17.0.8,16.9,21.20,0.06,2024-11-04,06:55:59
172.17.0.7,0.8,21.18,0.06,2024-11-04,06:56:01
172.17.0.6,100,21.18,0.06,2024-11-04,06:56:03
172.17.0.5,8.1,21.20,0.06,2024-11-04,06:56:04
172.17.0.4,100,21.20,0.06,2024-11-04,06:56:06
172.17.0.2,100,21.18,0.06,2024-11-04,06:56:08
172.17.0.3,100,21.17,0.06,2024-11-04,06:56:09
172.17.0.8,9.7,21.21,0.06,2024-11-04,06:56:15
172.17.0.7,0.8,21.17,0.06,2024-11-04,06:56:17
172.17.0.6,100,21.20,0.06,2024-11-04,06:56:18
172.17.0.5,100,21.22,0.06,2024-11-04,06:56:20
172.17.0.4,0.8,21.30,0.06,2024-11-04,06:56:22
172.17.0.2,0.8,21.22,0.06,2024-11-04,06:56:23
172.17.0.3,100,21.21,0.06,2024-11-04,06:56:27
172.17.0.8,12.8,21.18,0.06,2024-11-04,06:56:33
172.17.0.7,3.3,21.20,0.06,2024-11-04,06:56:34
172.17.0.6,1.6,21.21,0.06,2024-11-04,06:56:36
172.17.0.5,100,21.18,0.06,2024-11-04,06:56:38
172.17.0.4,2.5,21.21,0.06,2024-11-04,06:56:39
172.17.0.2,100,21.23,0.13,2024-11-04,06:56:41
172.17.0.3,0.8,21.30,0.06,2024-11-04,06:56:43
172.17.0.8,100,21.25,0.06,2024-11-04,06:56:48
172.17.0.7,0.8,21.27,0.06,2024-11-04,06:56:50
172.17.0.6,100,21.25,0.06,2024-11-04,06:56:52
172.17.0.5,100,21.23,0.06,2024-11-04,06:56:53
172.17.0.4,8.2,21.22,0.06,2024-11-04,06:56:55
172.17.0.2,100,21.22,0.06,2024-11-04,06:56:57
172.17.0.3,100,21.21,0.02,2024-11-04,06:57:00
172.17.0.8,7.4,21.23,0.06,2024-11-04,06:57:06
172.17.0.7,100,21.29,0.06,2024-11-04,06:57:08
172.17.0.6,100,21.29,0.06,2024-11-04,06:57:09
172.17.0.5,0.8,21.26,0.06,2024-11-04,06:57:11
172.17.0.4,1.7,21.32,0.06,2024-11-04,06:57:13
172.17.0.2,100,21.34,0.06,2024-11-04,06:57:14
172.17.0.3,100,21.31,0.06,2024-11-04,06:57:16
172.17.0.8,0.8,21.18,0.06,2024-11-04,06:57:22
172.17.0.7,100,21.17,0.06,2024-11-04,06:57:23
172.17.0.6,5,21.18,0.06,2024-11-04,06:57:25
172.17.0.5,1.6,21.20,0.06,2024-11-04,06:57:27
172.17.0.4,100,21.20,0.06,2024-11-04,06:57:28
172.17.0.2,100,21.16,0.06,2024-11-04,06:57:30
172.17.0.3,100,21.21,0.06,2024-11-04,06:57:32
172.17.0.8,0.8,21.22,0.06,2024-11-04,06:57:39
172.17.0.7,3.2,21.20,0.06,2024-11-04,06:57:41
172.17.0.6,11.2,21.11,0.06,2024-11-04,06:57:43
172.17.0.5,1.6,21.13,0.06,2024-11-04,06:57:44
172.17.0.4,3.2,21.12,0.06,2024-11-04,06:57:46
172.17.0.2,5.7,21.13,0.06,2024-11-04,06:57:48
172.17.0.3,100,21.12,0.06,2024-11-04,06:57:49
172.17.0.8,100,21.13,0.06,2024-11-04,06:57:55
172.17.0.7,10.6,21.15,0.06,2024-11-04,06:57:57
172.17.0.6,100,21.09,0.06,2024-11-04,06:57:58
172.17.0.5,100,21.12,0.06,2024-11-04,06:58:00
172.17.0.4,100,21.12,0.06,2024-11-04,06:58:02
172.17.0.2,100,21.12,0.06,2024-11-04,06:58:03
172.17.0.3,10.6,21.11,0.06,2024-11-04,06:58:05
172.17.0.8,9.8,21.16,0.06,2024-11-04,06:58:13
172.17.0.7,100,21.15,0.06,2024-11-04,06:58:14
172.17.0.6,1.6,21.16,0.06,2024-11-04,06:58:16
172.17.0.5,7.3,21.13,0.06,2024-11-04,06:58:18
172.17.0.4,100,21.17,0.06,2024-11-04,06:58:19
172.17.0.2,17.5,21.18,0.06,2024-11-04,06:58:21
172.17.0.3,100,21.16,0.06,2024-11-04,06:58:23
172.17.0.8,100,21.12,0.06,2024-11-04,06:58:28
172.17.0.7,100,21.17,0.06,2024-11-04,06:58:30
172.17.0.6,100,21.18,0.06,2024-11-04,06:58:32
172.17.0.5,100,21.16,0.06,2024-11-04,06:58:33
172.17.0.4,6.7,21.17,0.06,2024-11-04,06:58:35
172.17.0.2,100,21.17,0.06,2024-11-04,06:58:37
172.17.0.3,5.7,21.17,0.06,2024-11-04,06:58:38
172.17.0.8,1.6,21.26,0.06,2024-11-04,06:58:46
172.17.0.7,100,21.26,0.06,2024-11-04,06:58:48
172.17.0.6,1.6,21.23,0.06,2024-11-04,06:58:49
172.17.0.5,0.8,21.22,0.06,2024-11-04,06:58:51
172.17.0.4,0.8,21.25,0.06,2024-11-04,06:58:53
172.17.0.2,100,21.22,0.06,2024-11-04,06:58:54
172.17.0.3,3.4,21.25,0.06,2024-11-04,06:58:56
172.17.0.8,0.8,21.23,0.06,2024-11-04,06:59:02
172.17.0.7,100,21.25,0.06,2024-11-04,06:59:03
172.17.0.6,100,21.30,0.06,2024-11-04,06:59:05
172.17.0.5,100,21.23,0.06,2024-11-04,06:59:07
172.17.0.4,100,21.21,0.06,2024-11-04,06:59:08
172.17.0.2,0.8,21.18,0.06,2024-11-04,06:59:10
172.17.0.3,100,21.21,0.06,2024-11-04,06:59:12
172.17.0.8,0.8,21.23,0.06,2024-11-04,06:59:19
172.17.0.7,1.6,21.23,0.06,2024-11-04,06:59:21
172.17.0.6,9.8,21.25,0.06,2024-11-04,06:59:23
172.17.0.5,100,21.22,0.06,2024-11-04,06:59:24
172.17.0.4,100,21.26,0.06,2024-11-04,06:59:26
172.17.0.2,11.3,21.29,0.06,2024-11-04,06:59:28
172.17.0.3,100,21.30,0.06,2024-11-04,06:59:29
172.17.0.8,100,21.31,0.06,2024-11-04,06:59:35
172.17.0.7,5,21.32,0.06,2024-11-04,06:59:37
172.17.0.6,0.8,21.34,0.06,2024-11-04,06:59:38
172.17.0.5,0.8,21.32,0.06,2024-11-04,06:59:40
172.17.0.4,2.4,21.29,0.06,2024-11-04,06:59:42
172.17.0.2,100,21.29,0.06,2024-11-04,06:59:43
172.17.0.3,100,21.29,0.06,2024-11-04,06:59:45
172.17.0.8,0.8,21.31,0.02,2024-11-04,06:59:53
172.17.0.7,100,21.31,0.06,2024-11-04,06:59:54
172.17.0.6,1.6,21.32,0.06,2024-11-04,06:59:56
172.17.0.5,8.1,21.31,0.06,2024-11-04,06:59:58
172.17.0.4,100,21.31,0.06,2024-11-04,06:59:59
172.17.0.2,100,21.35,0.06,2024-11-04,07:00:01
172.17.0.3,1.6,21.35,0.06,2024-11-04,07:00:03
172.17.0.8,100,21.30,0.06,2024-11-04,07:00:08
172.17.0.7,9.6,21.32,0.06,2024-11-04,07:00:10
172.17.0.6,1.6,21.34,0.06,2024-11-04,07:00:12
172.17.0.5,100,21.31,0.06,2024-11-04,07:00:13
172.17.0.4,9.8,21.31,0.06,2024-11-04,07:00:15
172.17.0.2,100,21.31,0.06,2024-11-04,07:00:17
172.17.0.3,100,21.34,0.06,2024-11-04,07:00:18
172.17.0.8,0.8,21.36,0.06,2024-11-04,07:00:24
172.17.0.7,100,21.36,0.06,2024-11-04,07:00:28
172.17.0.6,0.8,21.35,0.06,2024-11-04,07:00:29
172.17.0.5,0.8,21.36,0.06,2024-11-04,07:00:31
172.17.0.4,100,21.31,0.06,2024-11-04,07:00:33
172.17.0.2,100,21.35,0.06,2024-11-04,07:00:34
172.17.0.3,100,21.32,0.06,2024-11-04,07:00:36
172.17.0.8,100,21.31,0.06,2024-11-04,07:00:41
172.17.0.7,9.5,21.31,0.06,2024-11-04,07:00:43
172.17.0.6,100,21.31,0.06,2024-11-04,07:00:45
172.17.0.5,100,21.32,0.06,2024-11-04,07:00:46
172.17.0.4,100,21.32,0.06,2024-11-04,07:00:48
172.17.0.2,2.4,21.35,0.06,2024-11-04,07:00:50
172.17.0.3,1.6,21.34,0.06,2024-11-04,07:00:51
172.17.0.8,5.7,21.32,0.06,2024-11-04,07:00:57
172.17.0.7,100,21.31,0.06,2024-11-04,07:00:59
172.17.0.6,100,21.32,0.06,2024-11-04,07:01:02
172.17.0.5,24.8,21.34,0.06,2024-11-04,07:01:04
172.17.0.4,100,21.34,0.06,2024-11-04,07:01:06
172.17.0.2,100,21.31,0.06,2024-11-04,07:01:07
172.17.0.3,100,21.31,0.06,2024-11-04,07:01:09
172.17.0.8,100,21.29,0.06,2024-11-04,07:01:15
172.17.0.7,100,21.25,0.06,2024-11-04,07:01:16
172.17.0.6,100,21.25,0.06,2024-11-04,07:01:18
172.17.0.5,100,21.25,0.06,2024-11-04,07:01:20
172.17.0.4,100,21.26,0.06,2024-11-04,07:01:21
172.17.0.2,0.8,21.30,0.06,2024-11-04,07:01:23
172.17.0.3,100,21.29,0.06,2024-11-04,07:01:24
172.17.0.8,100,21.32,0.06,2024-11-04,07:01:30
172.17.0.7,100,21.30,0.06,2024-11-04,07:01:32
172.17.0.6,100,21.30,0.02,2024-11-04,07:01:36
172.17.0.5,0.8,21.29,0.06,2024-11-04,07:01:37
172.17.0.4,100,21.32,0.06,2024-11-04,07:01:39
172.17.0.2,100,21.34,0.06,2024-11-04,07:01:41
172.17.0.3,0.8,21.31,0.06,2024-11-04,07:01:42
172.17.0.8,100,21.31,0.06,2024-11-04,07:01:48
172.17.0.7,0.8,21.29,0.06,2024-11-04,07:01:49
172.17.0.6,0.8,21.31,0.06,2024-11-04,07:01:51
172.17.0.5,100,21.30,0.06,2024-11-04,07:01:53
172.17.0.4,5.8,21.31,0.06,2024-11-04,07:01:54
172.17.0.2,100,21.30,0.06,2024-11-04,07:01:56
172.17.0.3,100,21.34,0.06,2024-11-04,07:01:58
172.17.0.8,0.8,21.32,0.06,2024-11-04,07:02:03
172.17.0.7,1.7,21.32,0.06,2024-11-04,07:02:05
172.17.0.6,5.6,21.29,0.06,2024-11-04,07:02:07
172.17.0.5,100,21.30,0.02,2024-11-04,07:02:10
172.17.0.4,0.8,21.30,0.06,2024-11-04,07:02:12
172.17.0.2,1.6,21.29,0.06,2024-11-04,07:02:14
172.17.0.3,0.8,21.30,0.06,2024-11-04,07:02:15
172.17.0.8,0.8,21.29,0.06,2024-11-04,07:02:21
172.17.0.7,100,21.32,0.06,2024-11-04,07:02:23
172.17.0.6,100,21.31,0.06,2024-11-04,07:02:24
172.17.0.5,9.8,21.32,0.06,2024-11-04,07:02:26
172.17.0.4,100,21.29,0.06,2024-11-04,07:02:28
172.17.0.2,100,21.31,0.06,2024-11-04,07:02:29
172.17.0.3,0.8,21.31,0.06,2024-11-04,07:02:31
172.17.0.8,5.9,21.29,0.06,2024-11-04,07:02:36
172.17.0.7,0.8,21.31,0.06,2024-11-04,07:02:38
172.17.0.6,100,21.31,0.06,2024-11-04,07:02:40
172.17.0.5,100,21.34,0.06,2024-11-04,07:02:41
172.17.0.4,4.8,21.31,0.06,2024-11-04,07:02:45
172.17.0.2,100,21.30,0.06,2024-11-04,07:02:47
172.17.0.3,100,21.32,0.06,2024-11-04,07:02:48
172.17.0.8,2.4,21.35,0.06,2024-11-04,07:02:54
172.17.0.7,0.8,21.31,0.06,2024-11-04,07:02:56
172.17.0.6,0.8,21.32,0.06,2024-11-04,07:02:57
172.17.0.5,100,21.29,0.06,2024-11-04,07:02:59
172.17.0.4,1.6,21.30,0.06,2024-11-04,07:03:01
172.17.0.2,6.5,21.26,0.06,2024-11-04,07:03:02
172.17.0.3,0.8,21.27,0.06,2024-11-04,07:03:04
172.17.0.8,10.5,21.26,0.06,2024-11-04,07:03:09
172.17.0.7,100,21.27,0.06,2024-11-04,07:03:11
172.17.0.6,8.2,21.30,0.06,2024-11-04,07:03:13
172.17.0.5,4.9,21.35,0.06,2024-11-04,07:03:15
172.17.0.4,3.3,21.35,0.02,2024-11-04,07:03:18
172.17.0.2,2.4,21.31,0.06,2024-11-04,07:03:20
172.17.0.3,0.8,21.31,0.06,2024-11-04,07:03:22
172.17.0.8,100,21.35,0.06,2024-11-04,07:03:27
172.17.0.7,0.8,21.35,0.06,2024-11-04,07:03:29
172.17.0.6,5.6,21.35,0.06,2024-11-04,07:03:31
172.17.0.5,100,21.34,0.06,2024-11-04,07:03:32
172.17.0.4,100,21.31,0.06,2024-11-04,07:03:34
172.17.0.2,100,21.32,0.06,2024-11-04,07:03:36
172.17.0.3,100,21.35,0.06,2024-11-04,07:03:37
172.17.0.8,0.8,21.36,0.06,2024-11-04,07:03:43
172.17.0.7,100,21.36,0.06,2024-11-04,07:03:44
172.17.0.6,100,21.35,0.06,2024-11-04,07:03:46
172.17.0.5,1.6,21.37,0.06,2024-11-04,07:03:48
172.17.0.4,0.8,21.32,0.06,2024-11-04,07:03:50
172.17.0.2,100,21.34,0.06,2024-11-04,07:03:53
172.17.0.3,100,21.34,0.06,2024-11-04,07:03:55
172.17.0.8,100,21.29,0.06,2024-11-04,07:04:01
172.17.0.7,100,21.30,0.06,2024-11-04,07:04:02
172.17.0.6,100,21.30,0.06,2024-11-04,07:04:04
172.17.0.5,2.5,21.30,0.06,2024-11-04,07:04:05
172.17.0.4,100,21.31,0.06,2024-11-04,07:04:07
172.17.0.2,100,21.32,0.06,2024-11-04,07:04:09
172.17.0.3,100,21.34,0.06,2024-11-04,07:04:10
172.17.0.8,1.6,21.35,0.06,2024-11-04,07:04:16
172.17.0.7,1.6,21.40,0.06,2024-11-04,07:04:18
172.17.0.6,100,21.36,0.06,2024-11-04,07:04:20
172.17.0.5,0.8,21.39,0.06,2024-11-04,07:04:21
172.17.0.4,100,21.40,0.06,2024-11-04,07:04:23
172.17.0.2,100,21.40,0.02,2024-11-04,07:04:27
172.17.0.3,0.8,21.35,0.06,2024-11-04,07:04:28
172.17.0.8,100,21.37,0.06,2024-11-04,07:04:34
172.17.0.7,1.6,21.34,0.06,2024-11-04,07:04:36
172.17.0.6,100,21.34,0.06,2024-11-04,07:04:37
172.17.0.5,0.8,21.31,0.06,2024-11-04,07:04:39
172.17.0.4,100,21.35,0.06,2024-11-04,07:04:40
172.17.0.2,100,21.37,0.06,2024-11-04,07:04:42
172.17.0.3,0.8,21.35,0.06,2024-11-04,07:04:44
172.17.0.8,0.8,21.32,0.06,2024-11-04,07:04:50
172.17.0.7,100,21.35,0.06,2024-11-04,07:04:51
172.17.0.6,0.8,21.34,0.06,2024-11-04,07:04:53
172.17.0.5,0.8,21.32,0.06,2024-11-04,07:04:55
172.17.0.4,14.2,21.32,0.06,2024-11-04,07:04:56
172.17.0.2,0.8,21.35,0.06,2024-11-04,07:04:58
172.17.0.3,100,21.32,0.02,2024-11-04,07:05:01
172.17.0.8,2.4,21.32,0.06,2024-11-04,07:05:07
172.17.0.7,100,21.35,0.06,2024-11-04,07:05:09
172.17.0.6,7.1,21.36,0.06,2024-11-04,07:05:10
172.17.0.5,1.6,21.34,0.06,2024-11-04,07:05:12
172.17.0.4,100,21.37,0.06,2024-11-04,07:05:14
172.17.0.2,2.5,21.35,0.06,2024-11-04,07:05:15
172.17.0.3,100,21.37,0.06,2024-11-04,07:05:17
172.17.0.8,100,21.37,0.06,2024-11-04,07:05:23
172.17.0.7,3.2,21.35,0.06,2024-11-04,07:05:24
172.17.0.6,0.8,21.37,0.06,2024-11-04,07:05:26
172.17.0.5,0.8,21.34,0.06,2024-11-04,07:05:28
172.17.0.4,0.8,21.36,0.06,2024-11-04,07:05:29
172.17.0.2,100,21.34,0.06,2024-11-04,07:05:31
172.17.0.3,100,21.39,0.06,2024-11-04,07:05:32
172.17.0.8,11.2,21.42,0.06,2024-11-04,07:05:40
172.17.0.7,100,21.44,0.06,2024-11-04,07:05:42
172.17.0.6,100,21.45,0.06,2024-11-04,07:05:43
172.17.0.5,100,21.44,0.06,2024-11-04,07:05:45
172.17.0.4,100,21.41,0.06,2024-11-04,07:05:47
172.17.0.2,100,21.42,0.06,2024-11-04,07:05:48
172.17.0.3,100,21.44,0.06,2024-11-04,07:05:50
172.17.0.8,100,21.42,0.06,2024-11-04,07:05:56
172.17.0.7,100,21.42,0.06,2024-11-04,07:05:57
172.17.0.6,100,21.45,0.06,2024-11-04,07:05:59
172.17.0.5,100,21.45,0.06,2024-11-04,07:06:01
172.17.0.4,100,21.44,0.06,2024-11-04,07:06:02
172.17.0.2,0.8,21.44,0.06,2024-11-04,07:06:04
172.17.0.3,8.3,21.46,0.06,2024-11-04,07:06:06
172.17.0.8,0.8,21.42,0.06,2024-11-04,07:06:13
172.17.0.7,11.3,21.46,0.06,2024-11-04,07:06:15
172.17.0.6,0.8,21.45,0.06,2024-11-04,07:06:16
172.17.0.5,100,21.48,0.06,2024-11-04,07:06:18
172.17.0.4,15.5,21.48,0.06,2024-11-04,07:06:20
172.17.0.2,1.6,21.46,0.06,2024-11-04,07:06:21
172.17.0.3,100,21.44,0.06,2024-11-04,07:06:23
172.17.0.8,0.8,21.42,0.06,2024-11-04,07:06:29
172.17.0.7,100,21.46,0.06,2024-11-04,07:06:30
172.17.0.6,12.1,21.44,0.06,2024-11-04,07:06:32
172.17.0.5,0.8,21.44,0.06,2024-11-04,07:06:34
172.17.0.4,0.8,21.46,0.06,2024-11-04,07:06:35
172.17.0.2,0.8,21.46,0.06,2024-11-04,07:06:37
172.17.0.3,1.6,21.46,0.06,2024-11-04,07:06:39
172.17.0.8,0.8,21.48,0.06,2024-11-04,07:06:46
172.17.0.7,100,21.49,0.06,2024-11-04,07:06:48
172.17.0.6,100,21.50,0.06,2024-11-04,07:06:49
172.17.0.5,100,21.48,0.06,2024-11-04,07:06:51
172.17.0.4,1.6,21.46,0.06,2024-11-04,07:06:53
172.17.0.2,2.5,21.48,0.06,2024-11-04,07:06:54
172.17.0.3,100,21.48,0.06,2024-11-04,07:06:56
172.17.0.8,0.8,21.49,0.06,2024-11-04,07:07:02
172.17.0.7,100,21.45,0.06,2024-11-04,07:07:03
172.17.0.6,8.9,21.49,0.06,2024-11-04,07:07:05
172.17.0.5,100,21.49,0.06,2024-11-04,07:07:07
172.17.0.4,0.8,21.51,0.06,2024-11-04,07:07:08
172.17.0.2,6.7,21.49,0.06,2024-11-04,07:07:10
172.17.0.3,100,21.48,0.06,2024-11-04,07:07:12
172.17.0.8,9.8,21.48,0.06,2024-11-04,07:07:19
172.17.0.7,1.6,21.48,0.06,2024-11-04,07:07:21
172.17.0.6,100,21.48,0.06,2024-11-04,07:07:22
172.17.0.5,100,21.45,0.06,2024-11-04,07:07:24
172.17.0.4,100,21.49,0.06,2024-11-04,07:07:26
172.17.0.2,0.8,21.53,0.06,2024-11-04,07:07:27
172.17.0.3,100,21.56,0.06,2024-11-04,07:07:29
172.17.0.8,100,21.54,0.06,2024-11-04,07:07:35
172.17.0.7,100,21.49,0.06,2024-11-04,07:07:36
172.17.0.6,100,21.49,0.06,2024-11-04,07:07:38
172.17.0.5,5,21.50,0.06,2024-11-04,07:07:39
172.17.0.4,100,21.50,0.06,2024-11-04,07:07:41
172.17.0.2,0.8,21.46,0.06,2024-11-04,07:07:43
172.17.0.3,100,21.50,0.06,2024-11-04,07:07:44
172.17.0.8,0.8,21.49,0.06,2024-11-04,07:07:52
172.17.0.7,0.8,21.46,0.06,2024-11-04,07:07:53
172.17.0.6,100,21.51,0.06,2024-11-04,07:07:55
172.17.0.5,0.8,21.51,0.06,2024-11-04,07:07:57
172.17.0.4,100,21.53,0.06,2024-11-04,07:07:58
172.17.0.2,100,21.55,0.06,2024-11-04,07:08:00
172.17.0.3,2.5,21.54,0.06,2024-11-04,07:08:02
172.17.0.8,100,21.56,0.06,2024-11-04,07:08:07
172.17.0.7,5.7,21.60,0.06,2024-11-04,07:08:09
172.17.0.6,100,21.58,0.06,2024-11-04,07:08:11
172.17.0.5,100,21.56,0.06,2024-11-04,07:08:12
172.17.0.4,13.5,21.54,0.06,2024-11-04,07:08:14
172.17.0.2,0.8,21.54,0.06,2024-11-04,07:08:15
172.17.0.3,12.2,21.53,0.06,2024-11-04,07:08:17
172.17.0.8,100,21.55,0.02,2024-11-04,07:08:24
172.17.0.7,100,21.54,0.06,2024-11-04,07:08:26
172.17.0.6,4.1,21.59,0.06,2024-11-04,07:08:28
172.17.0.5,100,21.62,0.06,2024-11-04,07:08:29
172.17.0.4,100,21.68,0.06,2024-11-04,07:08:31
172.17.0.2,1.6,21.67,0.06,2024-11-04,07:08:33
172.17.0.3,100,21.67,0.06,2024-11-04,07:08:34
172.17.0.8,100,21.62,0.06,2024-11-04,07:08:40
172.17.0.7,2.5,21.59,0.06,2024-11-04,07:08:42
172.17.0.6,0.8,21.60,0.06,2024-11-04,07:08:43
172.17.0.5,100,21.59,0.06,2024-11-04,07:08:45
172.17.0.4,4,21.60,0.06,2024-11-04,07:08:47
172.17.0.2,100,21.60,0.06,2024-11-04,07:08:48
172.17.0.3,0.8,21.60,0.06,2024-11-04,07:08:50
172.17.0.8,0.8,21.62,0.06,2024-11-04,07:08:56
172.17.0.7,100,21.64,0.06,2024-11-04,07:08:59
172.17.0.6,2.5,21.60,0.06,2024-11-04,07:09:01
172.17.0.5,2.5,21.62,0.06,2024-11-04,07:09:02
172.17.0.4,100,21.62,0.06,2024-11-04,07:09:04
172.17.0.2,100,21.64,0.06,2024-11-04,07:09:06
172.17.0.3,1.6,21.64,0.06,2024-11-04,07:09:07
172.17.0.8,0.8,21.63,0.06,2024-11-04,07:09:13
172.17.0.7,100,21.70,0.06,2024-11-04,07:09:14
172.17.0.6,100,21.68,0.06,2024-11-04,07:09:16
172.17.0.5,0.8,21.68,0.06,2024-11-04,07:09:18
172.17.0.4,100,21.69,0.06,2024-11-04,07:09:19
172.17.0.2,4,21.69,0.06,2024-11-04,07:09:21
172.17.0.3,100,21.70,0.06,2024-11-04,07:09:23
172.17.0.8,100,21.70,0.06,2024-11-04,07:09:28
172.17.0.7,0.8,21.72,0.06,2024-11-04,07:09:30
172.17.0.6,5,21.70,0.06,2024-11-04,07:09:33
172.17.0.5,100,21.65,0.06,2024-11-04,07:09:35
172.17.0.4,100,21.67,0.06,2024-11-04,07:09:37
172.17.0.2,18.3,21.67,0.06,2024-11-04,07:09:38
172.17.0.3,0.8,21.67,0.06,2024-11-04,07:09:40
172.17.0.8,0.8,21.72,0.06,2024-11-04,07:09:46
172.17.0.7,1.6,21.68,0.06,2024-11-04,07:09:47
172.17.0.6,100,21.70,0.06,2024-11-04,07:09:49
172.17.0.5,100,21.70,0.06,2024-11-04,07:09:51
172.17.0.4,0.8,21.72,0.06,2024-11-04,07:09:52
172.17.0.2,100,21.72,0.06,2024-11-04,07:09:54
172.17.0.3,100,21.70,0.06,2024-11-04,07:09:56
172.17.0.8,4.9,21.70,0.06,2024-11-04,07:10:02
172.17.0.7,100,21.67,0.06,2024-11-04,07:10:03
172.17.0.6,6.7,21.63,0.02,2024-11-04,07:10:06
172.17.0.5,4.1,21.64,0.06,2024-11-04,07:10:08
172.17.0.4,100,21.67,0.06,2024-11-04,07:10:10
172.17.0.2,0.8,21.67,0.06,2024-11-04,07:10:11
172.17.0.3,9.7,21.68,0.06,2024-11-04,07:10:13
172.17.0.8,100,21.68,0.06,2024-11-04,07:10:19
172.17.0.7,1.6,21.68,0.06,2024-11-04,07:10:20
172.17.0.6,100,21.67,0.06,2024-11-04,07:10:22
172.17.0.5,100,21.65,0.06,2024-11-04,07:10:24
172.17.0.4,100,21.67,0.06,2024-11-04,07:10:25
172.17.0.2,0.8,21.69,0.06,2024-11-04,07:10:27
172.17.0.3,0.8,21.68,0.06,2024-11-04,07:10:29
172.17.0.8,0.8,21.67,0.06,2024-11-04,07:10:34
172.17.0.7,15.2,21.65,0.06,2024-11-04,07:10:36
172.17.0.6,0.8,21.69,0.06,2024-11-04,07:10:38
172.17.0.5,1.6,21.67,0.06,2024-11-04,07:10:42
172.17.0.4,7.9,21.68,0.06,2024-11-04,07:10:43
172.17.0.2,8.1,21.68,0.06,2024-11-04,07:10:45
172.17.0.3,100,21.64,0.06,2024-11-04,07:10:47
172.17.0.8,0.8,21.69,0.06,2024-11-04,07:10:53
172.17.0.7,100,21.68,0.06,2024-11-04,07:10:54
172.17.0.6,100,21.69,0.06,2024-11-04,07:10:56
172.17.0.5,100,21.70,0.06,2024-11-04,07:10:57
172.17.0.4,0.8,21.70,0.06,2024-11-04,07:10:59
172.17.0.2,100,21.65,0.06,2024-11-04,07:11:01
172.17.0.3,1.6,21.64,0.06,2024-11-04,07:11:02
172.17.0.8,100,21.63,0.06,2024-11-04,07:11:08
172.17.0.7,100,21.65,0.06,2024-11-04,07:11:10
172.17.0.6,7.5,21.65,0.06,2024-11-04,07:11:11
172.17.0.5,0.8,21.65,0.02,2024-11-04,07:11:15
172.17.0.4,100,21.67,0.06,2024-11-04,07:11:17
172.17.0.2,2.5,21.63,0.06,2024-11-04,07:11:18
172.17.0.3,100,21.63,0.06,2024-11-04,07:11:20
172.17.0.8,100,21.67,0.06,2024-11-04,07:11:26
172.17.0.7,0.8,21.67,0.06,2024-11-04,07:11:27
172.17.0.6,100,21.68,0.06,2024-11-04,07:11:29
172.17.0.5,100,21.68,0.06,2024-11-04,07:11:31
172.17.0.4,0.8,21.67,0.06,2024-11-04,07:11:32
172.17.0.2,100,21.64,0.06,2024-11-04,07:11:34
172.17.0.3,100,21.65,0.06,2024-11-04,07:11:36
172.17.0.8,100,21.67,0.06,2024-11-04,07:11:41
172.17.0.7,100,21.63,0.06,2024-11-04,07:11:43
172.17.0.6,0.8,21.60,0.06,2024-11-04,07:11:44
172.17.0.5,100,21.60,0.06,2024-11-04,07:11:46
172.17.0.4,3.2,21.62,0.02,2024-11-04,07:11:50
172.17.0.2,0.8,21.63,0.06,2024-11-04,07:11:51
172.17.0.3,100,21.62,0.06,2024-11-04,07:11:53
172.17.0.8,0.8,21.60,0.06,2024-11-04,07:11:59
172.17.0.7,9.9,21.63,0.06,2024-11-04,07:12:00
172.17.0.6,100,21.60,0.06,2024-11-04,07:12:02
172.17.0.5,0.8,21.65,0.06,2024-11-04,07:12:04
172.17.0.4,16.9,21.68,0.06,2024-11-04,07:12:05
172.17.0.2,0.8,21.69,0.06,2024-11-04,07:12:07
172.17.0.3,100,21.62,0.06,2024-11-04,07:12:09
172.17.0.8,0.8,21.64,0.06,2024-11-04,07:12:14
172.17.0.7,0.8,21.62,0.06,2024-11-04,07:12:16
172.17.0.6,100,21.58,0.06,2024-11-04,07:12:17
172.17.0.5,100,21.62,0.06,2024-11-04,07:12:19
172.17.0.4,100,21.63,0.06,2024-11-04,07:12:21
172.17.0.2,0.8,21.63,0.06,2024-11-04,07:12:24
172.17.0.3,100,21.62,0.06,2024-11-04,07:12:26
172.17.0.8,100,21.60,0.06,2024-11-04,07:12:31
172.17.0.7,0.8,21.62,0.06,2024-11-04,07:12:33
172.17.0.6,3.3,21.65,0.06,2024-11-04,07:12:35
172.17.0.5,0.8,21.64,0.06,2024-11-04,07:12:36
172.17.0.4,4.1,21.67,0.06,2024-11-04,07:12:38
172.17.0.2,3.4,21.67,0.06,2024-11-04,07:12:40
172.17.0.3,100,21.65,0.06,2024-11-04,07:12:41
172.17.0.8,100,21.69,0.06,2024-11-04,07:12:47
172.17.0.7,100,21.72,0.06,2024-11-04,07:12:48
172.17.0.6,1.7,21.72,0.06,2024-11-04,07:12:50
172.17.0.5,100,21.72,0.06,2024-11-04,07:12:52
172.17.0.4,100,21.70,0.06,2024-11-04,07:12:53
172.17.0.2,100,21.72,0.06,2024-11-04,07:12:55
172.17.0.3,100,21.73,0.06,2024-11-04,07:12:58
172.17.0.8,8.3,21.73,0.06,2024-11-04,07:13:04
172.17.0.7,100,21.74,0.06,2024-11-04,07:13:06
172.17.0.6,100,21.74,0.06,2024-11-04,07:13:07
172.17.0.5,100,21.78,0.06,2024-11-04,07:13:09
172.17.0.4,2.4,21.82,0.06,2024-11-04,07:13:11
172.17.0.2,100,21.82,0.06,2024-11-04,07:13:12
172.17.0.3,100,21.81,0.06,2024-11-04,07:13:14
172.17.0.8,100,21.76,0.06,2024-11-04,07:13:20
172.17.0.7,100,21.78,0.06,2024-11-04,07:13:21
172.17.0.6,11.2,21.78,0.06,2024-11-04,07:13:23
172.17.0.5,100,21.78,0.06,2024-11-04,07:13:25
172.17.0.4,100,21.78,0.06,2024-11-04,07:13:26
172.17.0.2,100,21.77,0.06,2024-11-04,07:13:28
172.17.0.3,100,21.78,0.02,2024-11-04,07:13:32
172.17.0.8,0.8,21.74,0.06,2024-11-04,07:13:37
172.17.0.7,100,21.76,0.06,2024-11-04,07:13:39
172.17.0.6,0.8,21.76,0.06,2024-11-04,07:13:41
172.17.0.5,100,21.78,0.06,2024-11-04,07:13:42
172.17.0.4,100,21.77,0.06,2024-11-04,07:13:44
172.17.0.2,100,21.76,0.06,2024-11-04,07:13:46
172.17.0.3,100,21.74,0.06,2024-11-04,07:13:47
172.17.0.8,100,21.78,0.06,2024-11-04,07:13:53
172.17.0.7,0.8,21.78,0.06,2024-11-04,07:13:55
172.17.0.6,8.1,21.77,0.06,2024-11-04,07:13:56
172.17.0.5,100,21.73,0.06,2024-11-04,07:13:58
172.17.0.4,0.8,21.73,0.06,2024-11-04,07:14:00
172.17.0.2,10.4,21.79,0.06,2024-11-04,07:14:01
172.17.0.3,100,21.79,0.06,2024-11-04,07:14:03
172.17.0.8,100,21.79,0.06,2024-11-04,07:14:10
172.17.0.7,100,21.79,0.06,2024-11-04,07:14:12
172.17.0.6,0.8,21.79,0.06,2024-11-04,07:14:14
172.17.0.5,3.3,21.83,0.06,2024-11-04,07:14:15
172.17.0.4,4.1,21.87,0.06,2024-11-04,07:14:17
172.17.0.2,100,21.83,0.06,2024-11-04,07:14:19
172.17.0.3,100,21.82,0.06,2024-11-04,07:14:20
172.17.0.8,100,21.82,0.06,2024-11-04,07:14:26
172.17.0.7,0.8,21.81,0.06,2024-11-04,07:14:28
172.17.0.6,4.9,21.82,0.06,2024-11-04,07:14:29
172.17.0.5,2.5,21.81,0.06,2024-11-04,07:14:31
172.17.0.4,100,21.81,0.06,2024-11-04,07:14:33
172.17.0.2,100,21.78,0.06,2024-11-04,07:14:34
172.17.0.3,2.4,21.78,0.06,2024-11-04,07:14:36
172.17.0.8,100,21.79,0.06,2024-11-04,07:14:43
172.17.0.7,100,21.79,0.06,2024-11-04,07:14:45
172.17.0.6,100,21.79,0.06,2024-11-04,07:14:47
172.17.0.5,0.8,21.79,0.06,2024-11-04,07:14:48
172.17.0.4,100,21.81,0.06,2024-11-04,07:14:50
172.17.0.2,1.6,21.83,0.06,2024-11-04,07:14:52
172.17.0.3,100,21.82,0.06,2024-11-04,07:14:53
172.17.0.8,0.8,21.83,0.06,2024-11-04,07:14:59
172.17.0.7,100,21.83,0.06,2024-11-04,07:15:01
172.17.0.6,4.2,21.81,0.06,2024-11-04,07:15:02
172.17.0.5,0.8,21.82,0.06,2024-11-04,07:15:04
172.17.0.4,100,21.79,0.06,2024-11-04,07:15:05
172.17.0.2,100,21.78,0.06,2024-11-04,07:15:07
172.17.0.3,100,21.78,0.06,2024-11-04,07:15:09
172.17.0.8,1.6,21.79,0.06,2024-11-04,07:15:16
172.17.0.7,0.8,21.76,0.06,2024-11-04,07:15:18
172.17.0.6,100,21.77,0.06,2024-11-04,07:15:19
172.17.0.5,0.8,21.76,0.06,2024-11-04,07:15:21
172.17.0.4,0.8,21.74,0.06,2024-11-04,07:15:23
172.17.0.2,100,21.78,0.06,2024-11-04,07:15:24
172.17.0.3,100,21.78,0.06,2024-11-04,07:15:26
172.17.0.8,100,21.77,0.06,2024-11-04,07:15:32
172.17.0.7,1.6,21.77,0.06,2024-11-04,07:15:33
172.17.0.6,4.9,21.78,0.06,2024-11-04,07:15:35
172.17.0.5,0.8,21.76,0.06,2024-11-04,07:15:37
172.17.0.4,0.8,21.77,0.06,2024-11-04,07:15:38
172.17.0.2,100,21.78,0.06,2024-11-04,07:15:40
172.17.0.3,0.8,21.78,0.06,2024-11-04,07:15:42
172.17.0.8,0.8,21.81,0.06,2024-11-04,07:15:49
172.17.0.7,100,21.81,0.06,2024-11-04,07:15:51
172.17.0.6,0.8,21.79,0.06,2024-11-04,07:15:52
172.17.0.5,100,21.77,0.06,2024-11-04,07:15:54
172.17.0.4,21.6,21.82,0.06,2024-11-04,07:15:56
172.17.0.2,100,21.81,0.06,2024-11-04,07:15:57
172.17.0.3,100,21.82,0.06,2024-11-04,07:15:59
172.17.0.8,100,21.82,0.06,2024-11-04,07:16:05
172.17.0.7,0.8,21.82,0.06,2024-11-04,07:16:06
172.17.0.6,9.6,21.78,0.06,2024-11-04,07:16:08
172.17.0.5,100,21.81,0.06,2024-11-04,07:16:10
172.17.0.4,100,21.79,0.06,2024-11-04,07:16:11
172.17.0.2,4.1,21.82,0.06,2024-11-04,07:16:13
172.17.0.3,100,21.84,0.06,2024-11-04,07:16:15
172.17.0.8,100,21.79,0.06,2024-11-04,07:16:22
172.17.0.7,5.7,21.82,0.06,2024-11-04,07:16:24
172.17.0.6,100,21.82,0.06,2024-11-04,07:16:25
172.17.0.5,1.6,21.83,0.06,2024-11-04,07:16:27
172.17.0.4,8,21.82,0.06,2024-11-04,07:16:29
172.17.0.2,100,21.79,0.06,2024-11-04,07:16:30
172.17.0.3,100,21.82,0.06,2024-11-04,07:16:32
172.17.0.8,0.8,22.02,0.06,2024-11-04,07:16:38
172.17.0.7,100,22.06,0.06,2024-11-04,07:16:39
172.17.0.6,100,22.07,0.06,2024-11-04,07:16:41
172.17.0.5,100,22.03,0.06,2024-11-04,07:16:42
172.17.0.4,100,22.00,0.06,2024-11-04,07:16:44
172.17.0.2,100,22.02,0.06,2024-11-04,07:16:46
172.17.0.3,100,21.98,0.06,2024-11-04,07:16:47
172.17.0.8,100,21.97,0.06,2024-11-04,07:16:53
172.17.0.7,8.9,22.00,0.06,2024-11-04,07:16:56
172.17.0.6,100,22.03,0.06,2024-11-04,07:16:58
172.17.0.5,100,22.02,0.06,2024-11-04,07:17:00
172.17.0.4,1.6,22.03,0.06,2024-11-04,07:17:01
172.17.0.2,100,22.00,0.06,2024-11-04,07:17:03
172.17.0.3,100,22.03,0.06,2024-11-04,07:17:05
172.17.0.8,0.8,22.01,0.06,2024-11-04,07:17:10
172.17.0.7,100,22.02,0.06,2024-11-04,07:17:12
172.17.0.6,8.2,22.01,0.06,2024-11-04,07:17:14
172.17.0.5,100,22.00,0.06,2024-11-04,07:17:15
172.17.0.4,0.8,21.98,0.06,2024-11-04,07:17:17
172.17.0.2,100,22.02,0.06,2024-11-04,07:17:18
172.17.0.3,100,22.02,0.06,2024-11-04,07:17:20
172.17.0.8,100,22.01,0.06,2024-11-04,07:17:26
172.17.0.7,100,22.02,0.06,2024-11-04,07:17:27
172.17.0.6,5,22.02,0.06,2024-11-04,07:17:31
172.17.0.5,0.8,22.01,0.06,2024-11-04,07:17:32
172.17.0.4,100,22.01,0.06,2024-11-04,07:17:34
172.17.0.2,100,22.01,0.06,2024-11-04,07:17:36
172.17.0.3,100,22.10,0.06,2024-11-04,07:17:37
172.17.0.8,100,22.06,0.06,2024-11-04,07:17:43
172.17.0.7,100,22.09,0.06,2024-11-04,07:17:44
172.17.0.6,100,22.07,0.06,2024-11-04,07:17:46
172.17.0.5,100,22.07,0.06,2024-11-04,07:17:48
172.17.0.4,100,22.09,0.06,2024-11-04,07:17:49
172.17.0.2,5,22.05,0.06,2024-11-04,07:17:51
172.17.0.3,100,22.03,0.06,2024-11-04,07:17:53
172.17.0.8,12.2,22.09,0.06,2024-11-04,07:17:58
172.17.0.7,100,22.06,0.06,2024-11-04,07:18:00
172.17.0.6,100,22.05,0.02,2024-11-04,07:18:03
172.17.0.5,22.5,22.05,0.06,2024-11-04,07:18:05
172.17.0.4,100,22.07,0.06,2024-11-04,07:18:07
172.17.0.2,100,22.07,0.06,2024-11-04,07:18:08
172.17.0.3,10.6,22.07,0.06,2024-11-04,07:18:10
172.17.0.8,0.8,22.05,0.06,2024-11-04,07:18:16
172.17.0.7,100,22.07,0.06,2024-11-04,07:18:17
172.17.0.6,100,22.09,0.06,2024-11-04,07:18:19
172.17.0.5,100,22.09,0.06,2024-11-04,07:18:21
172.17.0.4,100,22.06,0.13,2024-11-04,07:18:22
172.17.0.2,100,22.05,0.06,2024-11-04,07:18:24
172.17.0.3,100,22.10,0.06,2024-11-04,07:18:26
172.17.0.8,100,22.11,0.06,2024-11-04,07:18:31
172.17.0.7,100,22.10,0.06,2024-11-04,07:18:33
172.17.0.6,100,22.10,0.06,2024-11-04,07:18:35
172.17.0.5,5.8,22.07,0.02,2024-11-04,07:18:38
172.17.0.4,100,22.07,0.06,2024-11-04,07:18:40
172.17.0.2,100,22.09,0.06,2024-11-04,07:18:42
172.17.0.3,11.6,22.07,0.06,2024-11-04,07:18:43
172.17.0.8,100,22.10,0.06,2024-11-04,07:18:49
172.17.0.7,0.8,22.07,0.06,2024-11-04,07:18:51
172.17.0.6,100,22.05,0.06,2024-11-04,07:18:52
172.17.0.5,100,22.07,0.06,2024-11-04,07:18:54
172.17.0.4,0.8,22.05,0.06,2024-11-04,07:18:56
172.17.0.2,100,22.07,0.06,2024-11-04,07:18:57
172.17.0.3,100,22.09,0.06,2024-11-04,07:18:59
172.17.0.8,0.8,22.09,0.06,2024-11-04,07:19:04
172.17.0.7,100,22.09,0.06,2024-11-04,07:19:06
172.17.0.6,100,22.10,0.06,2024-11-04,07:19:08
172.17.0.5,2.5,22.12,0.06,2024-11-04,07:19:09
172.17.0.4,100,22.15,0.06,2024-11-04,07:19:13
172.17.0.2,100,22.09,0.06,2024-11-04,07:19:14
172.17.0.3,7.4,22.12,0.06,2024-11-04,07:19:16
172.17.0.8,100,22.10,0.06,2024-11-04,07:19:22
172.17.0.7,8.1,22.10,0.06,2024-11-04,07:19:23
172.17.0.6,3.3,22.12,0.06,2024-11-04,07:19:25
172.17.0.5,100,22.12,0.06,2024-11-04,07:19:27
172.17.0.4,9.6,22.12,0.06,2024-11-04,07:19:28
172.17.0.2,2.4,22.14,0.06,2024-11-04,07:19:30
172.17.0.3,0.8,22.12,0.06,2024-11-04,07:19:32
172.17.0.8,100,22.16,0.06,2024-11-04,07:19:37
172.17.0.7,100,22.15,0.06,2024-11-04,07:19:39
172.17.0.6,1.6,22.12,0.06,2024-11-04,07:19:40
172.17.0.5,100,22.16,0.06,2024-11-04,07:19:42
172.17.0.4,100,22.16,0.06,2024-11-04,07:19:44
172.17.0.2,3.2,22.14,0.06,2024-11-04,07:19:47
172.17.0.3,100,22.15,0.06,2024-11-04,07:19:49
172.17.0.8,100,22.12,0.06,2024-11-04,07:19:55
172.17.0.7,100,22.10,0.06,2024-11-04,07:19:56
172.17.0.6,9.8,22.14,0.06,2024-11-04,07:19:58
172.17.0.5,100,22.11,0.06,2024-11-04,07:20:00
172.17.0.4,1.6,22.15,0.06,2024-11-04,07:20:01
172.17.0.2,8.2,22.15,0.06,2024-11-04,07:20:03
172.17.0.3,100,22.12,0.06,2024-11-04,07:20:05
172.17.0.8,7.3,22.14,0.06,2024-11-04,07:20:10
172.17.0.7,100,22.15,0.06,2024-11-04,07:20:12
172.17.0.6,11.4,22.15,0.06,2024-11-04,07:20:14
172.17.0.5,8.9,22.14,0.06,2024-11-04,07:20:15
172.17.0.4,0.8,22.12,0.06,2024-11-04,07:20:17
172.17.0.2,3.3,22.10,0.02,2024-11-04,07:20:21
172.17.0.3,6.6,22.11,0.06,2024-11-04,07:20:22
172.17.0.8,3.3,22.10,0.06,2024-11-04,07:20:28
172.17.0.7,100,22.10,0.06,2024-11-04,07:20:30
172.17.0.6,100,22.11,0.06,2024-11-04,07:20:31
172.17.0.5,100,22.10,0.06,2024-11-04,07:20:33
172.17.0.4,100,22.10,0.06,2024-11-04,07:20:35
172.17.0.2,0.8,22.09,0.06,2024-11-04,07:20:36
172.17.0.3,100,22.14,0.06,2024-11-04,07:20:38
172.17.0.8,100,22.17,0.06,2024-11-04,07:20:43
172.17.0.7,100,22.14,0.06,2024-11-04,07:20:45
172.17.0.6,100,22.11,0.06,2024-11-04,07:20:47
172.17.0.5,100,22.36,0.06,2024-11-04,07:20:48
172.17.0.4,9.8,22.39,0.06,2024-11-04,07:20:50
172.17.0.2,100,22.35,0.06,2024-11-04,07:20:52
172.17.0.3,100,22.39,0.06,2024-11-04,07:20:55
172.17.0.8,100,22.43,0.06,2024-11-04,07:21:01
172.17.0.7,0.8,22.43,0.06,2024-11-04,07:21:03
172.17.0.6,100,22.43,0.06,2024-11-04,07:21:04
172.17.0.5,100,22.40,0.06,2024-11-04,07:21:06
172.17.0.4,100,22.39,0.06,2024-11-04,07:21:08
172.17.0.2,100,22.39,0.06,2024-11-04,07:21:09
172.17.0.3,100,22.35,0.06,2024-11-04,07:21:11
172.17.0.8,4.9,22.35,0.06,2024-11-04,07:21:16
172.17.0.7,100,22.33,0.06,2024-11-04,07:21:18
172.17.0.6,10.5,22.34,0.06,2024-11-04,07:21:20
172.17.0.5,100,22.33,0.06,2024-11-04,07:21:21
172.17.0.4,100,22.33,0.06,2024-11-04,07:21:23
172.17.0.2,4.2,22.38,0.06,2024-11-04,07:21:25
172.17.0.3,100,22.36,0.02,2024-11-04,07:21:29
172.17.0.8,0.8,22.36,0.06,2024-11-04,07:21:34
172.17.0.7,2.5,22.35,0.06,2024-11-04,07:21:36
172.17.0.6,0.8,22.36,0.06,2024-11-04,07:21:38
172.17.0.5,0.8,22.35,0.06,2024-11-04,07:21:39
172.17.0.4,100,22.31,0.06,2024-11-04,07:21:41
172.17.0.2,4.9,22.31,0.06,2024-11-04,07:21:43
172.17.0.3,100,22.29,0.06,2024-11-04,07:21:44
172.17.0.8,12.7,22.33,0.06,2024-11-04,07:21:50
172.17.0.7,100,22.31,0.06,2024-11-04,07:21:52
172.17.0.6,100,22.31,0.06,2024-11-04,07:21:53
172.17.0.5,3.4,22.30,0.06,2024-11-04,07:21:55
172.17.0.4,1.6,22.31,0.06,2024-11-04,07:21:57
172.17.0.2,100,22.31,0.06,2024-11-04,07:21:58
172.17.0.3,0.8,22.35,0.06,2024-11-04,07:22:00
172.17.0.8,0.8,22.26,0.06,2024-11-04,07:22:08
172.17.0.7,4,22.28,0.06,2024-11-04,07:22:09
172.17.0.6,1.6,22.26,0.06,2024-11-04,07:22:11
172.17.0.5,3.3,22.28,0.06,2024-11-04,07:22:13
172.17.0.4,100,22.28,0.06,2024-11-04,07:22:14
172.17.0.2,100,22.26,0.06,2024-11-04,07:22:16
172.17.0.3,100,22.26,0.06,2024-11-04,07:22:18
172.17.0.8,6.7,22.29,0.06,2024-11-04,07:22:23
172.17.0.7,100,22.31,0.06,2024-11-04,07:22:25
172.17.0.6,100,22.29,0.06,2024-11-04,07:22:27
172.17.0.5,100,22.29,0.06,2024-11-04,07:22:28
172.17.0.4,100,22.28,0.06,2024-11-04,07:22:30
172.17.0.2,100,22.29,0.06,2024-11-04,07:22:32
172.17.0.3,100,22.30,0.06,2024-11-04,07:22:33
172.17.0.8,100,22.34,0.06,2024-11-04,07:22:41
172.17.0.7,0.8,22.33,0.06,2024-11-04,07:22:43
172.17.0.6,100,22.33,0.06,2024-11-04,07:22:44
172.17.0.5,100,22.29,0.06,2024-11-04,07:22:46
172.17.0.4,2.4,22.29,0.06,2024-11-04,07:22:48
172.17.0.2,12.8,22.31,0.06,2024-11-04,07:22:49
172.17.0.3,100,22.30,0.06,2024-11-04,07:22:51
172.17.0.8,100,22.31,0.06,2024-11-04,07:22:57
172.17.0.7,0.8,22.30,0.06,2024-11-04,07:22:58
172.17.0.6,1.6,22.31,0.06,2024-11-04,07:23:00
172.17.0.5,0.8,22.30,0.06,2024-11-04,07:23:02
172.17.0.4,0.8,22.31,0.06,2024-11-04,07:23:03
172.17.0.2,100,22.29,0.06,2024-11-04,07:23:05
172.17.0.3,0.8,22.30,0.06,2024-11-04,07:23:07
172.17.0.8,0.8,22.30,0.06,2024-11-04,07:23:15
172.17.0.7,2.5,22.33,0.06,2024-11-04,07:23:16
172.17.0.6,3.3,22.36,0.06,2024-11-04,07:23:18
172.17.0.5,100,22.31,0.06,2024-11-04,07:23:19
172.17.0.4,1.6,22.33,0.06,2024-11-04,07:23:21
172.17.0.2,9.6,22.33,0.06,2024-11-04,07:23:23
172.17.0.3,0.8,22.30,0.06,2024-11-04,07:23:24
172.17.0.8,0.8,22.31,0.06,2024-11-04,07:23:30
172.17.0.7,100,22.29,0.06,2024-11-04,07:23:32
172.17.0.6,100,22.31,0.06,2024-11-04,07:23:33
172.17.0.5,100,22.28,0.06,2024-11-04,07:23:35
172.17.0.4,100,22.30,0.06,2024-11-04,07:23:37
172.17.0.2,4.1,22.30,0.06,2024-11-04,07:23:38
172.17.0.3,100,22.30,0.06,2024-11-04,07:23:40
172.17.0.8,100,22.31,0.06,2024-11-04,07:23:48
172.17.0.7,2.4,22.33,0.06,2024-11-04,07:23:49
172.17.0.6,7.3,22.31,0.06,2024-11-04,07:23:51
172.17.0.5,100,22.30,0.06,2024-11-04,07:23:53
172.17.0.4,100,22.28,0.06,2024-11-04,07:23:54
172.17.0.2,8.3,22.29,0.06,2024-11-04,07:23:56
172.17.0.3,100,22.30,0.06,2024-11-04,07:23:58
172.17.0.8,100,22.28,0.06,2024-11-04,07:24:03
172.17.0.7,100,22.24,0.06,2024-11-04,07:24:05
172.17.0.6,100,22.29,0.06,2024-11-04,07:24:07
172.17.0.5,100,22.29,0.06,2024-11-04,07:24:08
172.17.0.4,100,22.30,0.06,2024-11-04,07:24:10
172.17.0.2,0.8,22.29,0.06,2024-11-04,07:24:12
172.17.0.3,1.6,22.30,0.06,2024-11-04,07:24:13
172.17.0.8,0.8,22.26,0.02,2024-11-04,07:24:21
172.17.0.7,100,22.30,0.06,2024-11-04,07:24:23
172.17.0.6,8.8,22.33,0.06,2024-11-04,07:24:24
172.17.0.5,1.6,22.30,0.06,2024-11-04,07:24:26
172.17.0.4,0.8,22.30,0.06,2024-11-04,07:24:28
172.17.0.2,8,22.31,0.06,2024-11-04,07:24:29
172.17.0.3,100,22.34,0.06,2024-11-04,07:24:31
172.17.0.8,100,22.29,0.06,2024-11-04,07:24:37
172.17.0.7,4.1,22.26,0.06,2024-11-04,07:24:38
172.17.0.6,100,22.29,0.06,2024-11-04,07:24:40
172.17.0.5,2.5,22.31,0.06,2024-11-04,07:24:42
172.17.0.4,100,22.33,0.06,2024-11-04,07:24:43
172.17.0.2,1.6,22.33,0.06,2024-11-04,07:24:45
172.17.0.3,3.2,22.30,0.06,2024-11-04,07:24:47
172.17.0.8,2.4,22.26,0.06,2024-11-04,07:24:52
172.17.0.7,100,22.26,0.06,2024-11-04,07:24:56
172.17.0.6,12.8,22.30,0.06,2024-11-04,07:24:58
172.17.0.5,100,22.28,0.06,2024-11-04,07:24:59
172.17.0.4,0.8,22.26,0.06,2024-11-04,07:25:01
172.17.0.2,100,22.29,0.06,2024-11-04,07:25:03
172.17.0.3,100,22.30,0.06,2024-11-04,07:25:04
172.17.0.8,100,22.26,0.06,2024-11-04,07:25:10
172.17.0.7,0.8,22.26,0.06,2024-11-04,07:25:12
172.17.0.6,100,22.28,0.06,2024-11-04,07:25:13
172.17.0.5,100,22.29,0.06,2024-11-04,07:25:15
172.17.0.4,100,22.30,0.06,2024-11-04,07:25:17
172.17.0.2,100,22.31,0.06,2024-11-04,07:25:18
172.17.0.3,100,22.29,0.06,2024-11-04,07:25:20
172.17.0.8,100,22.34,0.06,2024-11-04,07:25:26
172.17.0.7,0.8,22.34,0.02,2024-11-04,07:25:29
172.17.0.6,100,22.34,0.06,2024-11-04,07:25:31
172.17.0.5,100,22.33,0.06,2024-11-04,07:25:33
172.17.0.4,100,22.35,0.06,2024-11-04,07:25:34
172.17.0.2,0.8,22.34,0.06,2024-11-04,07:25:36
172.17.0.3,100,22.34,0.06,2024-11-04,07:25:38
172.17.0.8,0.8,22.19,0.06,2024-11-04,07:25:43
172.17.0.7,100,22.19,0.06,2024-11-04,07:25:45
172.17.0.6,2.5,22.23,0.06,2024-11-04,07:25:47
172.17.0.5,100,22.19,0.06,2024-11-04,07:25:48
172.17.0.4,11.9,22.19,0.06,2024-11-04,07:25:50
172.17.0.2,100,22.20,0.06,2024-11-04,07:25:52
172.17.0.3,100,22.20,0.06,2024-11-04,07:25:53
172.17.0.8,0.8,22.19,0.06,2024-11-04,07:25:59
172.17.0.7,100,22.19,0.06,2024-11-04,07:26:01
172.17.0.6,100,22.20,0.06,2024-11-04,07:26:05
172.17.0.5,100,22.21,0.06,2024-11-04,07:26:06
172.17.0.4,16.8,22.72,0.06,2024-11-04,07:26:08
172.17.0.2,100,23.95,0.06,2024-11-04,07:26:10
172.17.0.3,1.7,24.04,0.06,2024-11-04,07:26:11
172.17.0.8,0.8,24.07,0.06,2024-11-04,07:26:17
172.17.0.7,7.4,24.16,0.06,2024-11-04,07:26:18
172.17.0.6,100,24.13,0.06,2024-11-04,07:26:20
172.17.0.5,0.8,24.16,0.06,2024-11-04,07:26:22
172.17.0.4,100,24.21,0.06,2024-11-04,07:26:23
172.17.0.2,14.2,23.85,0.06,2024-11-04,07:26:25
172.17.0.3,100,23.86,0.06,2024-11-04,07:26:27
172.17.0.8,100,23.81,0.06,2024-11-04,07:26:32
172.17.0.7,100,23.85,0.06,2024-11-04,07:26:34
172.17.0.6,8.1,23.83,0.02,2024-11-04,07:26:38
172.17.0.5,100,23.84,0.06,2024-11-04,07:26:40
172.17.0.4,100,23.85,0.06,2024-11-04,07:26:41
172.17.0.2,3.3,23.88,0.06,2024-11-04,07:26:43
172.17.0.3,5.8,23.84,0.06,2024-11-04,07:26:44
172.17.0.8,26.4,23.86,0.06,2024-11-04,07:26:50
172.17.0.7,10,23.84,0.06,2024-11-04,07:26:52
172.17.0.6,100,23.83,0.06,2024-11-04,07:26:53
172.17.0.5,5,23.83,0.06,2024-11-04,07:26:55
172.17.0.4,1.7,23.80,0.06,2024-11-04,07:26:57
172.17.0.2,100,23.79,0.06,2024-11-04,07:26:58
172.17.0.3,5.7,23.84,0.06,2024-11-04,07:27:00
172.17.0.8,100,23.81,0.06,2024-11-04,07:27:06
172.17.0.7,1.6,23.75,0.06,2024-11-04,07:27:07
172.17.0.6,100,23.80,0.06,2024-11-04,07:27:09
172.17.0.5,100,23.83,0.02,2024-11-04,07:27:13
172.17.0.4,100,23.85,0.06,2024-11-04,07:27:14
172.17.0.2,0.8,23.84,0.06,2024-11-04,07:27:16
172.17.0.3,0.8,23.85,0.06,2024-11-04,07:27:18
172.17.0.8,100,23.75,0.06,2024-11-04,07:27:23
172.17.0.7,8.9,23.71,0.06,2024-11-04,07:27:25
172.17.0.6,100,23.70,0.06,2024-11-04,07:27:27
172.17.0.5,0.8,23.72,0.06,2024-11-04,07:27:28
172.17.0.4,1.7,23.76,0.06,2024-11-04,07:27:30
172.17.0.2,2.5,23.75,0.06,2024-11-04,07:27:32
172.17.0.3,0.8,23.76,0.06,2024-11-04,07:27:33
172.17.0.8,1.7,23.76,0.06,2024-11-04,07:27:39
172.17.0.7,0.8,23.76,0.06,2024-11-04,07:27:41
172.17.0.6,1.6,23.74,0.06,2024-11-04,07:27:42
172.17.0.5,19.2,23.74,0.06,2024-11-04,07:27:44
172.17.0.4,100,23.76,0.06,2024-11-04,07:27:48
172.17.0.2,100,23.74,0.06,2024-11-04,07:27:49
172.17.0.3,16.7,23.76,0.06,2024-11-04,07:27:51
172.17.0.8,100,23.76,0.06,2024-11-04,07:27:57
172.17.0.7,7.4,23.76,0.06,2024-11-04,07:27:58
172.17.0.6,100,23.76,0.06,2024-11-04,07:28:00
172.17.0.5,100,23.81,0.06,2024-11-04,07:28:02
172.17.0.4,4.1,23.79,0.06,2024-11-04,07:28:03
172.17.0.2,0.8,23.80,0.06,2024-11-04,07:28:05
172.17.0.3,100,23.79,0.06,2024-11-04,07:28:07
